#,Trigger (XYZ),Action (ABC)
1,Morgan Stanley raises AAPL price target to $315 for 2026.,"Long on dips; institutional ""conviction"" provides a floor at $240."
2,"iPhone 17 ""Slim"" (Sept 2025) sales data shows 20% higher ASP.","Buy; higher ""Average Selling Price"" means better margins."
3,Masimo patent dispute: Court denies import ban on Apple Watch.,Long; the legal overhang that suppressed the stock is gone.
4,China iPhone shipments rise 120% in Nov-Dec period.,"Long; the ""China is dead"" narrative was wrong; buy the reversal."
5,"Apple Intelligence (AI) launches a paid $19/mo ""Pro"" tier.","Buy; Apple is finally a ""Software-as-a-Service"" (SaaS) giant."
6,"50-Day Moving Average crosses below the 200-Day (""Death Cross"").",Short or exit; technical momentum has turned bearish.
7,TSMC (Apple's chip maker) raises prices by 10%.,Short AAPL; hardware margins will be compressed in Q3.
8,"Apple Vision Pro 2 is announced at a $1,999 price point.","Long; the lower price point targets the ""mass-market"" luxury segment."
9,"EU mandates ""Third-Party App Stores"" across all devices globally.","Short; the 30% ""Apple Tax"" revenue is under structural threat."
10,Warren Buffett (Berkshire) sells another 10% of his AAPL stake.,"Wait; don't fight the ""Oracle""; wait for the selling pressure to end."
11,AAPL announces a record $100B share buyback.,"Buy; buybacks create ""artificial"" demand and boost EPS."
12,Siri with LLM (Large Language Model) integration goes viral.,"Momentum Buy; ""Cool factor"" leads to higher hardware upgrades."
13,"Apple Glass (AR) prototypes leaked with ""all-day"" battery life.",Buy the rumor; AR is the next decade's growth engine.
14,Google is ordered to stop being the default search on Safari.,"Short; Apple loses $20B+ in ""pure profit"" annual payments."
15,"AAPL stock hits the ""Fear & Greed"" index low of 39.","Contrarian Buy; when everyone is scared, it’s usually the bottom."
16,"New ""Apple Bank"" features (High-Yield Savings) hit $200B in AUM.","Long; Apple is now a ""Fintech"" monster competing with Chase."
17,iPhone production shifts 25% to India/Vietnam.,"Long; diversification reduces ""China Geopolitical Risk"" discount."
18,AAPL fails to break out of the $270 resistance three times.,Sell Calls; the stock is likely to trade sideways for a month.
19,"An ""Executive Exit"" (e.g., Jeff Williams) is announced.",Short-term Sell; management stability is key to Apple's premium P/E.
20,"Apple Car project is ""resurrected"" as a robotaxi software play.",Buy; it opens a multi-trillion dollar TAM (Total Addressable Market).