#,Sector,"The ""XYZ"" (The Trigger)","The ""ABC"" (The Action)",Target / Stop-Loss
1,Tech/AI,Anthropic automates security patching; legacy cyber firms see massive outflows.,Short CrowdStrike (CRWD) if it breaks below $280 support.,T: $255 / SL: $292
2,Energy,Oil & Gas Corp (ONGC) shows RSI confluence on 3 timeframes at a 1-month high.,Buy ONGC on a pullback to the 20-day EMA.,T: ₹310 / SL: ₹265
3,Crypto,"Bitcoin nears the $60k ""liquidation trigger"" with high institutional sell pressure.","Wait for a $59k bounce or short a break of $58,500.",T: $52k / SL: $61k
4,Retail,Trump’s 10% tariffs are upheld by the Supreme Court; retail margins are under threat.,Short Target (TGT) before next week's inventory report.,T: -6% / SL: +2%
5,EV/Auto,Solid-state battery breakthrough leaked by a Toyota (TM) supplier.,"Buy Toyota (TM) on the ""rumor"" before the March auto expo.",T: +12% / SL: -4%
6,Indices,"Nifty 50 approaches ""Golden Cross"" on daily charts; FIIs turn net buyers in Feb.","Long Nifty Futures with a trailing stop at 24,100.","T: 25,500 / SL: 24,000"
7,Semis,"Nvidia (NVDA) ""AI splurge"" eats into buyback funds; growth expectations are peaking.",Sell Calls (Option strategy) to profit from sideways volatility.,Income Play
8,Commodity,Indian 10-year bond yields surge due to Middle East tensions pushing oil up.,Buy Brent Oil Spot as a geopolitical hedge.,T: $94 / SL: $82
9,SaaS,"Salesforce (CRM) integrates ""Agentic AI"" but subscription growth is decelerating.","Short on the ""Dead Cat Bounce"" after earnings gap-down.",T: -8% / SL: +3%
10,Banking,RBI relaxes forex rules; banks can now hedge gold price risk more easily abroad.,Long HDFC Bank to capture increased treasury income.,T: +5% / SL: -2.5%
11,Mining,Copper prices hit a 52-week high due to AI data center cooling demand.,Buy Freeport-McMoRan (FCX) at market open.,T: $58 / SL: $49
12,Healthcare,"FDA grants ""Fast Track"" to a new CRISPR-based heart disease treatment.",Buy Beam Therapeutics (BEAM) on the volume spike.,T: +20% / SL: -7%
13,E-comm,Amazon (AMZN) reports 30% reduction in delivery costs via autonomous drones.,Long AMZN; hold through the end of Q1.,T: $220 / SL: $195
14,Crypto,"Ethereum ""L2 Gas War"" reduces mainnet burn; ETH supply becomes inflationary.",Rotate ETH holdings into Solana (SOL) for better beta.,Relative Strength
15,Food/Agri,"Nestle reports ""Shrinkflation"" limit reached; consumers switching to generic brands.",Short Nestle (NSRGY) as margins compress.,T: -10% / SL: +4%
16,Defense,"Bharat Electronics (BEL) wins ₹5,000cr contract for laser defense systems.","Buy BEL on the breakout of the ""Cup and Handle"" pattern.",T: ₹490 / SL: ₹420
17,Property,US new home sales fall for 3rd month; inventory at record highs.,Short Home Depot (HD) as renovation demand cools.,T: $310 / SL: $355
18,Luxury,"LVMH reports ""V-reversal"" in Chinese luxury spending after stimulus.",Buy LVMH on the 10:00 AM EST rally signal.,T: +7% / SL: -3%
19,Fintech,"Apple Pay introduces ""Direct Crypto Rails""; bypasses traditional processors.",Short Visa (V) as long-term disruption play begins.,T: -15% / SL: +5%
20,Macro,Warren Buffett indicator hits 220%; market overvalued compared to GDP.,Raise Cash: Move 20% of portfolio to short-term T-Bills.,Wealth Protection