#,Type,"The ""XYZ"" (The News/Notification)",The Significance (Why it matters)
11,Tech,Apple Intelligence (Pro Tier) reaches 100 million paid subscribers in 6 months.,"""Hardware"" companies are successfully becoming ""Subscription"" companies."
12,Logistics,"Cargo theft in Q1 2026 surges; companies pivot to AI-locked ""Smart Seals.""","Traditional security is failing. The ""Digital-Physical"" security market is now a multi-billion dollar niche."
13,Retail,"""Shrinkflation"" reaches a breaking point as consumers switch to local ""Generic"" brands in record numbers.",Brand loyalty for big corporations (Nestle/Unilever) is at an all-time low.
14,Sports,Prediction markets (Polymarket/Kalshi) trade $10B in volume during January alone.,"Public opinion is being ""priced"" in real-time. These markets are often more accurate than news polls."
15,Mobility,"Toyota announces a 1,000km range battery for 2027 production.","""Range Anxiety"" is effectively solved. Expect the final collapse of pure-petrol vehicle resale values soon."
16,Education,"Major universities replace ""Thesises"" with ""AI-Human Collaboration Projects.""","The goal of school is shifting from ""doing the work"" to ""directing the outcome."""
17,Urban,"Indore and Surat top the 2026 ""Smart City"" connectivity index.","Real estate in these ""tech-ready"" cities is decoupling from the national average."
18,AI,"""Metacognitive AI"" (AI that can explain its own reasoning) enters public beta.","Reduces the ""Black Box"" problem, allowing AI to be used in high-risk legal and surgical decisions."
19,Space,First commercial mining permit issued for an Asteroid (16 Psyche)-linked venture.,"The ""Geopolitics of Scarcity"" may soon move from Earth to the solar system."
20,Wealth,Warren Buffett’s cash pile hits an all-time high of $250B+.,"The world’s greatest investor is ""sitting out,"" signaling he thinks everything is currently too expensive."