#,Sub-Sector,"The ""XYZ"" (The Trigger)","The ""ABC"" (The Action)",Target / SL
1,Oncology,"Turmeric-based ""Smart Curcumin"" (MSU Research) shows 90% tumor reduction in mice trials.","Buy small-cap biotech partners (e.g., Biocon) before human trial phase 1 starts.",T: +20% / SL: -10%
2,Pharma,"Indian Govt mandates ""Blue Line"" on all antibiotic strips; manufacturers complain of massive costs.","Short mid-tier generic drug makers (e.g., HDMA members) before Q1 earnings.",T: -5% / SL: +2%
3,Biotech,Madrigal (MDGL) receives EU approval for Rezdiffra (MASH drug); market hasn't priced in EU rollout.,Long MDGL; hold through the second half of 2026 for material growth signs.,T: $640 / SL: $570
4,MedTech,"WHO hails India’s ""SAHI"" (AI Health Strategy) as a global benchmark for AI diagnostics.",Long Apollo Hospitals or AIG Hospitals as they implement the first AI-agent workflows.,T: +12% / SL: -4%
5,Rare Disease,Edgewise (EWTX) Phase 2 data for heart disease drug (EDG-7500) expected mid-2026.,"Buy the ""Run-up""—buy 2 weeks before data release and sell before the actual news drops.",T: +15% / SL: -5%
6,,"The ""XYZ"" (The News/Notification)",The Significance (Why it matters),
7,,FDA Phase III Decision: At-home injectable Leqembi (Alzheimer's) approved for starter doses.,"Shift from ""Hospital-centric"" to ""Home-centric"" care for chronic neurological conditions.",
8,,India's 'SAHI' AI Framework: WHO officially adopts India's AI health standards for 2026.,"Expect a surge in ""Digital Health IDs"" and automated diagnostic kiosks in rural areas globally.",
9,,"mRNA Production News: Modular ""Mini-Factories"" for mRNA vaccines hit mass production.","Pandemic response is no longer about global shipping; it’s about ""printing"" vaccines locally in hours.",
10,,CRISPR Pricing: Gene-editing costs for Thalassemia drop below $500 in specialized labs.,"Genetic ""cures"" are moving from million-dollar luxuries to accessible medical procedures.",
11,,Ambient Intelligence: 40% of US/Indian clinics now use AI Scribes to record patient visits.,"The ""Death of the Note-Taking Doctor."" Doctors are spending 30% more time actually looking at patients.",
12,,Longevity Milestone: Results from the TAME trial (Metformin for aging) show a 15% delay in multi-morbidity.,"Aging is officially being treated as a ""manageable condition"" rather than an inevitable decline.",
13,,Neuro-Tech: First successful Stent Retriever procedure performed via a remote-robotic arm 500km away.,Specialized surgery (like for strokes) is no longer limited by where the surgeon lives.,
14,,Gut-Health Data: Global study links specific Indian spices to Microbiome Diversity scores.,"Personalized nutrition is moving away from ""Calorie Counting"" to ""Microbe Management.""",
15,,Wearable Tech: Samsung Health & Tata 1mg integrate 'Find Care' for instant prescription fulfillment.,"The ""Health-Store-in-your-Pocket"" is now fully automated. Your watch orders your meds before you call a doctor.",
16,,Mental Health: Virtual Reality (VR) Exposure Therapy becomes a standard insurance-covered treatment for PTSD.,Digital Therapeutics (DTx) are now viewed with the same clinical weight as traditional pills.,